Name,Phone Number,Website,Address
FITNESS FREAKS,087002 62621,https://website--177224303666963498619-gym.business.site/?utm_source=gmb&utm_medium=referral,"234, Rohtak Rd, near Ashoka Park Main, Madan Park, Ashok Park Extension, Ashok Park Main, Metro, New Delhi, Delhi, 110026"
"I Lift Fitness - Available on cult.fit - Gyms in New Delhi, Haryana",072910 00555,http://iliftfitnes.com/,"S-2, First & Second Floor, Market, Green Park, New Delhi, Delhi 110016"
Delhi Gym,Not Available,Not Available,"F6XG+MPH, Durga Vihar, Devli, Sangam Vihar, New Delhi, Delhi 110062"
Anytime Fitness,099110 97974,https://www.anytimefitness.co.in/gyms/in-1122/new-delhi-delhi-110052/,"No A4, 1st & 2nd Floor, Phase 2, Ashok Vihar, New Delhi, Delhi 110052"
Anytime Fitness,096411 11188,https://www.anytimefitness.co.in/gyms/in-1043/new-delhi-delhi-110001/,"B-37, Block-B Connaught Place, Block B, Connaught Place, New Delhi, Delhi 110001"
Anytime Fitness,089207 07579,https://www.anytimefitness.co.in/gyms/in-1016/new-delhi-delhi-110026/,"Building No 22, 3rd Floor, NWA, Club Rd, Punjabi Bagh, New Delhi, Delhi 110026"
"Her Fitness Rajouri Garden - Ladies Gym in Rajouri Garden, Delhi",099900 01865,https://herfitness.in/,"A -29, Vishal Cinema Rd, Block A, Vishal Enclave, Rajouri Garden, New Delhi, Delhi, 110027"
Fitness Nation Gym,098188 95195,https://www.instagram.com/fitnessnationmalviyanagar/,"adjacent Sant Nirankari Public School & Sant Nirankari Bhawan, Khirki Extension, Panchsheel Extension, Malviya Nagar, New Delhi, Delhi 110017"
Anytime Fitness,081304 32323,https://www.anytimefitness.co.in/gyms/in-1020/new-delhi-delhi-110007/,"No 38, 1st Floor, Bungalow Rd, Kamla Nagar, New Delhi, Delhi 110007"
Anytime Fitness,080760 28206,https://www.anytimefitness.co.in/gyms/in-1082/new-delhi-delhi-110005/,"No 13B Bazar Marg, Pusa Rd, New Delhi, Delhi 110005"
Delhi fitness gym,099539 97298,Not Available,"Building no 33, near Metro Pillar Number 164, Old Ranjeet Nagar, Block 5, South Patel Nagar, New Delhi, Delhi 110008"
THE GYM health planet,098111 32031,http://www.thegym.in/,"6/15, Balraj Khanna Marg, Road, near Metro Station, East Patel Nagar, New Delhi, Delhi 110008"
D CORE FITNESS,Not Available,https://www.instagram.com/p/CV4pN3lJ3wj/?utm_medium=copy_link,"70, 2nd Floor, rani jhansi road, furniture market Back side reliance fresh, Delhi 110055"
Fire Fitness Gym,Not Available,Not Available,"C-11, 3rd Floor ,S G Tower, Ajay Enclave, Extn, Subhash Nagar, New Delhi, Delhi 110018"
Drugs Fitness - Workout Nasha (Unisex Gym),075031 76000,http://www.drugsfitness.in/,"number 7-8 Pocket, Plot, B6, Sector 5 Rd, Rohini, New Delhi, Delhi 110085"
THE FITNESS DEN (GYM),099535 88037,https://m.facebook.com/thefitnessdengym/,"E-16A, Block FA, Tagore Garden, Tagore Garden Extension, New Delhi, Delhi, 110027"
Fitness First Hamilton House,011 4350 7901,http://www.fitnessfirst.net.in/clubs/hamilton-house-cp/,"2nd Floor, Building No. 1 & 2, 1-A, Radial Rd Number 2, Block A, Connaught Place, New Delhi, Delhi 110001"
Team Iron Fit Gym,099104 16468,https://team-iron-fit-gym.business.site/?utm_source=gmb&utm_medium=referral,"GN4 , Basement Shivaji Enclave Extension, near Khetarpal Nursing Home, New Delhi, Delhi 110027"
Team Iron Fit Gym,099104 16468,https://team-iron-fit-gym.business.site/?utm_source=gmb&utm_medium=referral,"GN4 , Basement Shivaji Enclave Extension, near Khetarpal Nursing Home, New Delhi, Delhi 110027"
SUPER FITNESS UNISEX GYM,097162 23301,https://ravee0786.wixsite.com/superfitnessunisexgy,"Near Gol Chakkar, D-3/1, Rana Pratap Bagh, New Delhi, Delhi 110007"
"Cult Patel Nagar - Gyms in Patel Nagar, New Delhi",070260 90287,https://www.cult.fit/cult/center/patel-nagar/cult-patel-nagar/92?utm_source=Google&utm_medium=organic&utm_term=Delhi%20&utm_campaign=92,"1, Cult Patel Nagar, 203, 9, W Patel Nagar Rd, above Yes Bank, Block 1, East Patel Nagar, Patel Nagar, New Delhi, Delhi 110008"
SUPER FITNESS UNISEX GYM,097162 23301,https://ravee0786.wixsite.com/superfitnessunisexgy,"Near Gol Chakkar, D-3/1, Rana Pratap Bagh, New Delhi, Delhi 110007"
"FLUID Gym - Available at cult.fit - Gyms in Pushpanjali Enclave, Delhi",078277 92587,https://www.cult.fit/cult/cult-pass/gurgaon/Fluid/143?utm_source=Google&utm_medium=Organic&utm_content=Delhi&utm_campaign=143,"Service Rd B-101, Ground Floor, Pushpanjali Enclave, Pitampura, New Delhi, Delhi 110034"
KY Fitness,078271 82431,https://ky-fitness.business.site/?utm_source=gmb&utm_medium=referral,"mehta chowk, Shivaji Enclave, Fb-6, Vishal Cinema Rd, Pocket FB, Shivaji Enclave, Tagore Garden Extension, New Delhi, Delhi, 110027"
"Fluid Gym - Available on cult.fit - Gyms in Derawal Nagar, Delhi",078277 20349,https://www.cult.fit/cult/cult-pass/gurgaon/Fluid/144?utm_source=gmb&utm_medium=organic&utm_campaign=gmb-visit&utm_term=delhi&utm_content=cult-pass,"Lala Achintaram Marg 6, LSC, Derawal Nagar, New Delhi, Delhi 110009"
IRON BAR GYM,081818 15667,https://instagram.com/iron_bar_gym?igshid=dq9qacceocvc,"A-21, opposite Piller No 30, Pushpanjali Enclave, Pitampura, Delhi, 110085"
Glorious Gym/CROSSFIT,092120 55456,https://glorious-gymcrossfit.business.site/,"Hari Enclave, A-157, Kirari Suleman Nagar Village, New Delhi, Delhi 110086"
FIT FAMILY GYM,088264 41449,https://fitfamilygym.business.site/,"B-2, B-clock, Hari Enclave Part-1 Budh Bazar Road, Aman Vihar, Kirari, Delhi 110086"
"Cult South Extension - Gyms in South Extension, New Delhi",099164 72948,https://www.cult.fit/cult/center/south-extension/cult-south-extension/121?utm_source=Google&utm_medium=organic&utm_term=Delhi&utm_campaign=121,"1st & 2nd Floor, D-16, South Extension II, Block D, New Delhi, Delhi 110049"
"Anytime Fitness Subhash Nagar, Delhi",093555 44497,https://www.anytimefitness.co.in/gyms/in-1124/new-delhi-delhi-110018/,"Tower, Plot No S, First Floor, A Block, Ivory, 26, Ajay Enclave, Subhash Nagar, New Delhi, Delhi 110018"
Anytime Fitness,099119 99082,https://www.anytimefitness.co.in/gyms/in-1096/delhi-delhi-110085/,"Nn Mall, No 202, 2nd Floor, PN 15, near District Center, Mangalam Place, Sector 3, Rohini, New Delhi, Delhi 110085"
The Fitness अखाड़ा,099580 09532,Not Available,"Plot No 2, Main, Kanjhawala Rd, Rajiv Nagar, Begampur, Sector 38, Rohini, New Delhi, Delhi, 110086"
Iron Athlete Gym,087004 78908,Not Available,"B3/174, Block B3, Janakpuri, New Delhi, Delhi, 110058"
"Cult Model Town - Gyms in Model Town Phase 2, New Delhi",099167 43719,https://www.cult.fit/cult/center/model-town/cult-model-town/108?utm_source=Google&utm_medium=organic&utm_term=Delhi&utm_campaign=108,"Block H, Cult H, 4/3, Model Town Phase 2, Model Town Phase I, Model Town, New Delhi, Delhi 110009"
Feel The Pump,098739 10404,Not Available,"A-14, Priyadarshini Vihar, Mohan Park, Laxmi Nagar, New Delhi, Delhi, 110092"
Fitness Future gym,075320 69979,Not Available,"13A/26 Hotel Takshinn Basment, Channa Market, Karol Bagh, New Delhi, Delhi 110005"
Complete Fitness,084596 90007,Not Available,"D-7, 2nd Floor, Block D, Kamla Nagar, New Delhi, Delhi 110007"
"Redox- Gym, Aerobics & Zumba Studio",096543 03080,Not Available,"Building no.8, New Moti Nagar, behind Milan Cinema, New Delhi, Delhi 110015"
"Cult Hauz Khas - Gyms in Hauz Khas, Delhi",099164 72943,https://www.cult.fit/cult/center/hauz-khas/cult-hauz-khas/36?utm_source=gmb&utm_medium=organic&utm_campaign=gmb-visit&utm_term=delhi&utm_content=center,"Building M5 and M3, Sri Aurobindo Marg, Block M, Kharera, Hauz Khas, New Delhi, Delhi 110016"
"Cult Hauz Khas - Gyms in Hauz Khas, Delhi",099164 72943,https://www.cult.fit/cult/center/hauz-khas/cult-hauz-khas/36?utm_source=gmb&utm_medium=organic&utm_campaign=gmb-visit&utm_term=delhi&utm_content=center,"Building M5 and M3, Sri Aurobindo Marg, Block M, Kharera, Hauz Khas, New Delhi, Delhi 110016"
